model,accuracy,log_loss,brier,mae,mse,rmse,mape,smape,wape,train_sec
RandomForest,1.0,0.028111151499853194,0.4898761855492326,0.0,0.0,0.0,,0.0,0.0,0.9609951972961426
LogisticRegression,1.0,0.005027380404796584,0.5012663573965875,0.0,0.0,0.0,,0.0,0.0,0.03529095649719238
SVC,1.0,0.0003539492279334881,0.5026142216195421,0.0,0.0,0.0,,0.0,0.0,0.11982202529907227
