model,accuracy,logloss,brier,rmse,sec
SVC,1.0,0.00030956217843893625,0.3331271814466244,0.0,0.06651806831359863
LR,1.0,0.004489842842755557,0.330372933292088,0.0,0.024461030960083008
RF,1.0,0.01716970599170006,0.32276007625272335,0.0,0.9482171535491943
