model,accuracy,logloss,brier,rmse,sec
SVC,1.0,0.0006884695086338558,0.33288373577517355,0.0,0.4879488945007324
LR,1.0,0.012795210105826824,0.3250939804796769,0.0,0.021768808364868164
RF,1.0,0.02238823296667003,0.31967139161220043,0.0,0.7564301490783691
