model,accuracy,logloss,brier,rmse,sec
LR,0.5784313725490197,0.8866714404898981,0.16045575655925584,0.892964512685153,0.017930030822753906
SVC,0.5958605664488017,0.9202287225137582,0.15163992175504706,0.9194106286852647,6.743481159210205
RF,0.5021786492374728,1.4767575607476406,0.19860546600338527,0.9673313018271213,1.6145429611206055
