model,accuracy,logloss,brier,rmse,sec
LR,0.5740740740740741,0.8918355552863492,0.16177988441939822,0.9259041391772335,0.014999628067016602
SVC,0.5751633986928104,0.928936876609777,0.15039468660600522,0.9701425001453319,11.160793542861938
RF,0.5708061002178649,0.974552191512661,0.16343296262427218,0.9554339487903334,0.8447489738464355
