model,accuracy,log_loss,brier,mae,mse,rmse,mape,smape,wape,train_sec
RandomForest,1.0,0.028111151499853194,0.4898761855492326,0.0,0.0,0.0,,0.0,0.0,0.9675230979919434
LogisticRegression,1.0,0.005027380404796584,0.5012663573965875,0.0,0.0,0.0,,0.0,0.0,0.05272102355957031
SVC,1.0,0.0003531875022351742,0.5026150525579451,0.0,0.0,0.0,,0.0,0.0,0.12475395202636719
