model,accuracy,logloss,brier,rmse,sec
LR,0.5740740740740741,0.8918355552863492,0.1617798844193982,0.9259041391772335,0.020700931549072266
SVC,0.5751633986928104,0.928936876609777,0.15039468660600522,0.9701425001453319,12.753956079483032
RF,0.5708061002178649,0.974552191512661,0.16343296262427218,0.9554339487903334,0.8887507915496826
